-- Default categories --
INSERT IGNORE INTO categories (id, name, description) VALUES ('2a972965-d48f-4f2c-81ef-e9724d8a412c', 'WORK', 'Mochilas para trabajo');
INSERT IGNORE INTO categories (id, name, description) VALUES ('10071b77-659d-4a8b-bc54-b4831053dc40', 'TRAVEL', 'Mochilas para viaje');
INSERT IGNORE INTO categories (id, name, description) VALUES ('77715d29-6e28-4f25-ba35-4ca7d5b4b3ca', 'SPORT', 'Mochilas para deportes');

-- Default roles --
INSERT IGNORE INTO roles (id, name, description) VALUES ('579e0d8a-f9a0-4c22-ba50-479bec5c8a09', 'USER', 'Role user');
INSERT IGNORE INTO roles (id, name, description) VALUES ('032b0941-bf80-4577-a500-e787ca1eb3ee', 'ADMIN', 'Role admin');

-- Default products --
INSERT IGNORE INTO products (id, name, description, image_url, price, stock, active, category_id) VALUES ('e9571754-adde-4f66-a901-f2a5f71d547e', 'Mochila de viaje anti-robo', 'Mochila de viaje anti-robo','https://image.png',120.99,300,true,'10071b77-659d-4a8b-bc54-b4831053dc40');
INSERT IGNORE INTO products (id, name, description, image_url, price, stock, active, category_id) VALUES ('5b2f9426-21ea-4e99-8c8f-16f6c663be40', 'Mochila 1', 'Description Mochila 1','https://image.png',97.89,108,true,'2a972965-d48f-4f2c-81ef-e9724d8a412c');
INSERT IGNORE INTO products (id, name, description, image_url, price, stock, active, category_id) VALUES ('49f2d5c0-0e4d-4f5a-9b15-b6c977f85022', 'Mochila 2', 'Description Mochila 2','https://image.png',79.99,133,true,'2a972965-d48f-4f2c-81ef-e9724d8a412c');
INSERT IGNORE INTO products (id, name, description, image_url, price, stock, active, category_id) VALUES ('e6a2a8ff-9d6d-4d18-9ad9-55f32e1cfd07', 'Mochila 3', 'Description Mochila 3','https://image.png',67.55,68,true,'2a972965-d48f-4f2c-81ef-e9724d8a412c');
INSERT IGNORE INTO products (id, name, description, image_url, price, stock, active, category_id) VALUES ('2f1b7741-5eaa-4832-90a9-02c1b9125419', 'Mochila 4', 'Description Mochila 4','https://image.png',119.58,124,true,'2a972965-d48f-4f2c-81ef-e9724d8a412c');
INSERT IGNORE INTO products (id, name, description, image_url, price, stock, active, category_id) VALUES ('8190e9da-3a01-4d53-9094-f23956c84e59', 'Mochila 5', 'Description Mochila 5','https://image.png',65.22,113,true,'2a972965-d48f-4f2c-81ef-e9724d8a412c');
INSERT IGNORE INTO products (id, name, description, image_url, price, stock, active, category_id) VALUES ('91f3d33b-cc30-415e-8a7e-4df4bcb3a7c6', 'Mochila 6', 'Description Mochila 6','https://image.png',148.37,104,true,'2a972965-d48f-4f2c-81ef-e9724d8a412c');
INSERT IGNORE INTO products (id, name, description, image_url, price, stock, active, category_id) VALUES ('c92ee243-8ff4-4b9f-9e5f-cbc27f7f6d13', 'Mochila 7', 'Description Mochila 7','https://image.png',136.82,55,true,'2a972965-d48f-4f2c-81ef-e9724d8a412c');
INSERT IGNORE INTO products (id, name, description, image_url, price, stock, active, category_id) VALUES ('8bbfe59f-4a8e-4a82-bf7b-2fb3f21baf5d', 'Mochila 8', 'Description Mochila 8','https://image.png',96.43,106,true,'2a972965-d48f-4f2c-81ef-e9724d8a412c');
INSERT IGNORE INTO products (id, name, description, image_url, price, stock, active, category_id) VALUES ('7b08f740-d0c2-4865-9b67-08cb95c94a96', 'Mochila 9', 'Description Mochila 9','https://image.png',74.15,91,true,'2a972965-d48f-4f2c-81ef-e9724d8a412c');
INSERT IGNORE INTO products (id, name, description, image_url, price, stock, active, category_id) VALUES ('a0db4a24-4aef-4f71-9935-65274f6d0d53', 'Mochila 10', 'Description Mochila 10','https://image.png',96.87,85,true,'2a972965-d48f-4f2c-81ef-e9724d8a412c');
INSERT IGNORE INTO products (id, name, description, image_url, price, stock, active, category_id) VALUES ('4e50b97c-af78-46b5-b5a7-57cde6c8fe5d', 'Mochila 11', 'Description Mochila 11','https://image.png',147.73,71,true,'10071b77-659d-4a8b-bc54-b4831053dc40');
INSERT IGNORE INTO products (id, name, description, image_url, price, stock, active, category_id) VALUES ('b0d47e0f-3ed7-49e5-84e5-bc396a7f0714', 'Mochila 12', 'Description Mochila 12','https://image.png',51.09,141,true,'10071b77-659d-4a8b-bc54-b4831053dc40');
INSERT IGNORE INTO products (id, name, description, image_url, price, stock, active, category_id) VALUES ('f0e470f5-6db2-43fe-a149-ff87c91cb6ed', 'Mochila 13', 'Description Mochila 13','https://image.png',124.34,122,true,'10071b77-659d-4a8b-bc54-b4831053dc40');
INSERT IGNORE INTO products (id, name, description, image_url, price, stock, active, category_id) VALUES ('84be5c3a-0630-41a9-8b8c-953482f04f60', 'Mochila 14', 'Description Mochila 14','https://image.png',133.75,94,true,'10071b77-659d-4a8b-bc54-b4831053dc40');
INSERT IGNORE INTO products (id, name, description, image_url, price, stock, active, category_id) VALUES ('3c381654-051c-4c02-bd16-91d78e2fe08b', 'Mochila 15', 'Description Mochila 15','https://image.png',96.79,144,true,'10071b77-659d-4a8b-bc54-b4831053dc40');
INSERT IGNORE INTO products (id, name, description, image_url, price, stock, active, category_id) VALUES ('904a102b-4d4e-4fb2-8a2c-50a605a8f5e5', 'Mochila 16', 'Description Mochila 16','https://image.png',120.17,126,true,'10071b77-659d-4a8b-bc54-b4831053dc40');
INSERT IGNORE INTO products (id, name, description, image_url, price, stock, active, category_id) VALUES ('7d4f6be4-8d2c-47f5-81fd-6d07906284ae', 'Mochila 17', 'Description Mochila 17','https://image.png',96.08,80,true,'10071b77-659d-4a8b-bc54-b4831053dc40');
INSERT IGNORE INTO products (id, name, description, image_url, price, stock, active, category_id) VALUES ('48f4d8f4-0df6-4d3b-aa01-8e5f6f50b5d7', 'Mochila 18', 'Description Mochila 18','https://image.png',79.22,57,true,'10071b77-659d-4a8b-bc54-b4831053dc40');
INSERT IGNORE INTO products (id, name, description, image_url, price, stock, active, category_id) VALUES ('1592e7b2-823e-449a-98f1-c5c5a55bc72f', 'Mochila 19', 'Description Mochila 19','https://image.png',143.66,96,true,'10071b77-659d-4a8b-bc54-b4831053dc40');
INSERT IGNORE INTO products (id, name, description, image_url, price, stock, active, category_id) VALUES ('8e31425e-12f4-44ff-8f8e-75bcf59d141f', 'Mochila 20', 'Description Mochila 20','https://image.png',147.61,133,true,'10071b77-659d-4a8b-bc54-b4831053dc40');
INSERT IGNORE INTO products (id, name, description, image_url, price, stock, active, category_id) VALUES ('c5a5a018-6fd5-4e62-8ad3-f1990e8e9a6f', 'Mochila 21', 'Description Mochila 21','https://image.png',120.07,139,true,'77715d29-6e28-4f25-ba35-4ca7d5b4b3ca');
INSERT IGNORE INTO products (id, name, description, image_url, price, stock, active, category_id) VALUES ('d04f7e0c-603f-4296-80f6-5e432f862139', 'Mochila 22', 'Description Mochila 22','https://image.png',148.35,69,true,'77715d29-6e28-4f25-ba35-4ca7d5b4b3ca');
INSERT IGNORE INTO products (id, name, description, image_url, price, stock, active, category_id) VALUES ('87ddc89e-1b9f-49af-8df4-ee15bcdbd01a', 'Mochila 23', 'Description Mochila 23','https://image.png',148.7,59,true,'77715d29-6e28-4f25-ba35-4ca7d5b4b3ca');
INSERT IGNORE INTO products (id, name, description, image_url, price, stock, active, category_id) VALUES ('6f9ef024-ec49-41fd-9923-8f1463c96e1a', 'Mochila 24', 'Description Mochila 24','https://image.png',98.83,64,true,'77715d29-6e28-4f25-ba35-4ca7d5b4b3ca');
INSERT IGNORE INTO products (id, name, description, image_url, price, stock, active, category_id) VALUES ('1f0be5e6-3a94-4bfa-8eac-9d8a93054714', 'Mochila 25', 'Description Mochila 25','https://image.png',88.34,137,true,'77715d29-6e28-4f25-ba35-4ca7d5b4b3ca');
INSERT IGNORE INTO products (id, name, description, image_url, price, stock, active, category_id) VALUES ('c97a6877-2b0c-4d59-8283-118abef4c3ea', 'Mochila 26', 'Description Mochila 26','https://image.png',145.69,93,true,'77715d29-6e28-4f25-ba35-4ca7d5b4b3ca');
INSERT IGNORE INTO products (id, name, description, image_url, price, stock, active, category_id) VALUES ('1532e1ff-3721-40a5-ba4a-bf7e8481dcf7', 'Mochila 27', 'Description Mochila 27','https://image.png',55.99,108,true,'77715d29-6e28-4f25-ba35-4ca7d5b4b3ca');
INSERT IGNORE INTO products (id, name, description, image_url, price, stock, active, category_id) VALUES ('91e79c6f-1cc1-4e4a-94f2-11b0d051cf9e', 'Mochila 28', 'Description Mochila 28','https://image.png',145.67,61,true,'77715d29-6e28-4f25-ba35-4ca7d5b4b3ca');
INSERT IGNORE INTO products (id, name, description, image_url, price, stock, active, category_id) VALUES ('1b6886a0-6e3d-4024-a8ff-96a184d69c65', 'Mochila 29', 'Description Mochila 29','https://image.png',127.59,98,true,'77715d29-6e28-4f25-ba35-4ca7d5b4b3ca');
INSERT IGNORE INTO products (id, name, description, image_url, price, stock, active, category_id) VALUES ('87900a0f-61ff-4b3e-ae52-4c7703d73f57', 'Mochila 30', 'Description Mochila 30','https://image.png',106.77,78,true,'77715d29-6e28-4f25-ba35-4ca7d5b4b3ca');

-- Default users --
INSERT IGNORE INTO users (id, first_name, last_name, email, password, enable, address, role_id) VALUES ('b0439985-9a1f-4fe8-8967-86c0decded6b', 'Juan', 'Perez', 'admin@gmail.com', '$2a$10$Gn2YXfrYnbTmnhRsDSew6OqO9GWIHKQDR9Pam79mRvXEduFgFzs5y', true, 'La Paz', '032b0941-bf80-4577-a500-e787ca1eb3ee');
INSERT IGNORE INTO users (id, first_name, last_name, email, password, enable, address, role_id) VALUES ('4fcb2453-ff44-4387-8f66-c7977b01ab96', 'Pablo', 'Perez', 'user@gmail.com', '$2a$10$Gn2YXfrYnbTmnhRsDSew6OqO9GWIHKQDR9Pam79mRvXEduFgFzs5y', true, 'El Alto', '579e0d8a-f9a0-4c22-ba50-479bec5c8a09');